{
  "resourceType" : "Bundle",
  "id" : "3edeb702-9b04-4bf4-8c97-f92ca55dcb69",
  "meta" : {
    "lastUpdated" : "2023-12-17T21:29:43.317+07:00"
  },
  "type" : "collection",
  "entry" : [{
    "fullUrl" : "http://somewhere.org/fhir/uv/myig/ValueSet/valueset-fake",
    "resource" : {
      "resourceType" : "ValueSet",
      "text" : {
        "status" : "generated",
        "div" : "<div xmlns=\"http://www.w3.org/1999/xhtml\"><p style=\"border: black 1px dotted; background-color: #EEEEEE; padding: 8px; margin-bottom: 8px\">Expansion based on <a href=\"CodeSystem-cs-fake.html\">codesystem CodeSystem fake v0.2.0 (CodeSystem)</a></p><p>This value set contains 1 concepts</p><table class=\"codes\"><tr><td style=\"white-space:nowrap\"><b>Code</b></td><td><b>System</b></td><td><b>Display</b></td></tr><tr><td style=\"white-space:nowrap\"><a name=\"http---somewhere.org-fhir-uv-myig-CodeSystem-cs-fake-01\"> </a>\u00a0\u00a0<a href=\"CodeSystem-cs-fake.html#cs-fake-01\">01</a></td><td>http://somewhere.org/fhir/uv/myig/CodeSystem/cs-fake</td><td>VS1</td></tr></table></div>"
      },
      "url" : "http://somewhere.org/fhir/uv/myig/ValueSet/valueset-fake",
      "version" : "0.2.0",
      "name" : "ValueSetFake",
      "title" : "ValueSet fake",
      "status" : "draft",
      "experimental" : true,
      "date" : "2015-06-22",
      "jurisdiction" : [{
        "coding" : [{
          "system" : "http://unstats.un.org/unsd/methods/m49/m49.htm",
          "code" : "001"
        }]
      }],
      "expansion" : {
        "identifier" : "urn:uuid:fc79284c-23e0-45f5-8286-5dd20e7ed082",
        "timestamp" : "2023-12-17T21:30:13+07:00",
        "total" : 1,
        "parameter" : [{
          "name" : "excludeNested",
          "valueBoolean" : false
        },
        {
          "name" : "used-codesystem",
          "valueUri" : "http://somewhere.org/fhir/uv/myig/CodeSystem/cs-fake|0.2.0"
        }],
        "contains" : [{
          "system" : "http://somewhere.org/fhir/uv/myig/CodeSystem/cs-fake",
          "code" : "01",
          "display" : "VS1"
        }]
      }
    }
  }]
}