{
  "package": "example.fhir.uv.myig",
  "version": "0.2.0",
  "fhirVersion": "4.0.1",
  "jurisdiction": "001",
  "extensions": [
    {
      "url": "http://somewhere.org/fhir/uv/myig/StructureDefinition/ext-myExtension",
      "title": "My awesome extension",
      "types": [
        "boolean"
      ]
    }
  ],
  "profiles": {
    "Observation": [
      {
        "url": "http://somewhere.org/fhir/uv/myig/StructureDefinition/myObservation",
        "title": "My Observation Profile"
      }
    ],
    "Patient": [
      {
        "url": "http://somewhere.org/fhir/uv/myig/StructureDefinition/mypatient",
        "title": "My Favorite Patient Profile"
      }
    ],
    "Practitioner": [
      {
        "url": "http://somewhere.org/fhir/uv/myig/StructureDefinition/mypractitioner",
        "title": "Some Practitioner profile"
      }
    ]
  },
  "usage": {
    "http://hl7.org/fhir/StructureDefinition/elementdefinition-bestpractice": [
      "StructureDefinition.snapshot.element.constraint"
    ],
    "http://hl7.org/fhir/StructureDefinition/elementdefinition-bestpractice-explanation": [
      "StructureDefinition.snapshot.element.constraint"
    ],
    "http://hl7.org/fhir/StructureDefinition/elementdefinition-bindingName": [
      "StructureDefinition.snapshot.element.binding"
    ],
    "http://hl7.org/fhir/StructureDefinition/elementdefinition-maxValueSet": [
      "StructureDefinition.snapshot.element.binding"
    ],
    "http://hl7.org/fhir/StructureDefinition/elementdefinition-namespace": [
      "StructureDefinition"
    ],
    "http://hl7.org/fhir/StructureDefinition/elementdefinition-translatable": [
      "StructureDefinition.snapshot.element"
    ],
    "http://hl7.org/fhir/StructureDefinition/elementdefinition-type-must-support": [
      "StructureDefinition.differential.element.type",
      "StructureDefinition.differential.element.type.targetProfile",
      "StructureDefinition.snapshot.element.type",
      "StructureDefinition.snapshot.element.type.targetProfile"
    ],
    "http://hl7.org/fhir/StructureDefinition/implementationguide-resource-format": [
      "ImplementationGuide.definition.resource"
    ],
    "http://hl7.org/fhir/StructureDefinition/structuredefinition-display-hint": [
      "StructureDefinition.snapshot.element"
    ],
    "http://hl7.org/fhir/StructureDefinition/structuredefinition-fhir-type": [
      "StructureDefinition.snapshot.element.type"
    ],
    "http://hl7.org/fhir/StructureDefinition/structuredefinition-fmm": [
      "ImplementationGuide",
      "ImplementationGuide.definition.page.page",
      "ImplementationGuide.definition.page.page.page",
      "StructureDefinition"
    ],
    "http://hl7.org/fhir/StructureDefinition/structuredefinition-hierarchy": [
      "StructureDefinition.snapshot.element.type"
    ],
    "http://hl7.org/fhir/StructureDefinition/structuredefinition-standards-status": [
      "CodeSystem",
      "ImplementationGuide",
      "ImplementationGuide.definition.page",
      "ImplementationGuide.definition.page.page",
      "ImplementationGuide.definition.page.page.page",
      "StructureDefinition",
      "ValueSet"
    ],
    "http://hl7.org/fhir/tools/StructureDefinition/ig-internal-dependency": [
      "ImplementationGuide.definition"
    ],
    "http://hl7.org/fhir/tools/StructureDefinition/ig-page-name": [
      "ImplementationGuide.definition.page",
      "ImplementationGuide.definition.page.page",
      "ImplementationGuide.definition.page.page.page"
    ],
    "http://hl7.org/fhir/tools/StructureDefinition/ig-parameter": [
      "ImplementationGuide.definition"
    ],
    "http://hl7.org/fhir/tools/StructureDefinition/implementationguide-dependency-comment": [
      "ImplementationGuide.dependsOn"
    ],
    "http://hl7.org/fhir/tools/StructureDefinition/resource-information": [
      "ImplementationGuide.definition.resource"
    ],
    "http://somewhere.org/fhir/uv/myig/StructureDefinition/ext-myExtension": [
      "Patient"
    ]
  }
}