<?xml version="1.0" encoding="UTF-8"?>

<Bundle xmlns="http://hl7.org/fhir">
  <id value="3edeb702-9b04-4bf4-8c97-f92ca55dcb69"/>
  <meta>
    <lastUpdated value="2023-12-17T21:29:43.317+07:00"/>
  </meta>
  <type value="collection"/>
  <entry>
    <fullUrl value="http://somewhere.org/fhir/uv/myig/ValueSet/valueset-fake"/>
    <resource>
      <ValueSet>
        <text>
          <status value="generated"/>
          <div xmlns="http://www.w3.org/1999/xhtml">
            <p style="border: black 1px dotted; background-color: #EEEEEE; padding: 8px; margin-bottom: 8px">Expansion based on 
              <a href="CodeSystem-cs-fake.html">codesystem CodeSystem fake v0.2.0 (CodeSystem)</a>
            </p>
            <p>This value set contains 1 concepts</p>
            <table class="codes">
              <tr>
                <td style="white-space:nowrap">
                  <b>Code</b>
                </td>
                <td>
                  <b>System</b>
                </td>
                <td>
                  <b>Display</b>
                </td>
              </tr>
              <tr>
                <td style="white-space:nowrap">
                  <a name="http---somewhere.org-fhir-uv-myig-CodeSystem-cs-fake-01"> </a>  
                  <a href="CodeSystem-cs-fake.html#cs-fake-01">01</a>
                </td>
                <td>http://somewhere.org/fhir/uv/myig/CodeSystem/cs-fake</td>
                <td>VS1</td>
              </tr>
            </table>
          </div>
        </text>
        <url value="http://somewhere.org/fhir/uv/myig/ValueSet/valueset-fake"/>
        <version value="0.2.0"/>
        <name value="ValueSetFake"/>
        <title value="ValueSet fake"/>
        <status value="draft"/>
        <experimental value="true"/>
        <date value="2015-06-22"/>
        <jurisdiction>
          <coding>
            <system value="http://unstats.un.org/unsd/methods/m49/m49.htm"/>
            <code value="001"/>
          </coding>
        </jurisdiction>
        <expansion>
          <identifier value="urn:uuid:fc79284c-23e0-45f5-8286-5dd20e7ed082"/>
          <timestamp value="2023-12-17T21:30:13+07:00"/>
          <total value="1"/>
          <parameter>
            <name value="excludeNested"/>
            <valueBoolean value="false"/>
          </parameter>
          <parameter>
            <name value="used-codesystem"/>
            <valueUri value="http://somewhere.org/fhir/uv/myig/CodeSystem/cs-fake|0.2.0"/>
          </parameter>
          <contains>
            <system value="http://somewhere.org/fhir/uv/myig/CodeSystem/cs-fake"/>
            <code value="01"/>
            <display value="VS1"/>
          </contains>
        </expansion>
      </ValueSet>
    </resource>
  </entry>
</Bundle>