{
  "resourceType" : "CodeSystem",
  "id" : "cs-fake",
  "text" : {
    "status" : "generated",
    "div" : "<div xmlns=\"http://www.w3.org/1999/xhtml\"><p>This case-sensitive code system <code>http://somewhere.org/fhir/uv/myig/CodeSystem/cs-fake</code> defines the following code:</p><table class=\"codes\"><tr><td style=\"white-space:nowrap\"><b>Code</b></td><td><b>Display</b></td></tr><tr><td style=\"white-space:nowrap\">01<a name=\"cs-fake-01\"> </a></td><td>CS1</td></tr></table></div>"
  },
  "extension" : [{
    "url" : "http://hl7.org/fhir/StructureDefinition/structuredefinition-standards-status",
    "valueCode" : "informative",
    "_valueCode" : {
      "extension" : [{
        "url" : "http://hl7.org/fhir/StructureDefinition/structuredefinition-conformance-derivedFrom",
        "valueCanonical" : "http://somewhere.org/fhir/uv/myig/ImplementationGuide/example.fhir.uv.myig"
      }]
    }
  }],
  "url" : "http://somewhere.org/fhir/uv/myig/CodeSystem/cs-fake",
  "version" : "0.2.0",
  "name" : "CodeSystemFake",
  "title" : "CodeSystem fake",
  "status" : "draft",
  "experimental" : true,
  "date" : "2015-06-22",
  "publisher" : "HL7 International - [Some] Work Group",
  "contact" : [{
    "telecom" : [{
      "system" : "url",
      "value" : "http://hl7.org/Special/committees/[something]"
    }]
  }],
  "description" : "A fake code system",
  "jurisdiction" : [{
    "coding" : [{
      "system" : "http://unstats.un.org/unsd/methods/m49/m49.htm",
      "code" : "001"
    }]
  }],
  "caseSensitive" : true,
  "content" : "complete",
  "concept" : [{
    "code" : "01",
    "display" : "CS1",
    "designation" : [{
      "value" : "CS2"
    }]
  }]
}